{
    "AWSTemplateFormatVersion": "2010-09-09",
    "Description": "This template creates a cross account role for Privo support.",
    "Outputs": {
        "RoleARN": {
            "Description": "<---- Provide this ARN to your Privo account manager.",
            "Value": {
                "Fn::GetAtt": [
                    "PrivoSupport",
                    "Arn"
                ]
            }
        }
    },
   "Resources": {
      "PrivoSupport": {
         "Type": "AWS::IAM::Role",
         "Properties": {
            "AssumeRolePolicyDocument": {
               "Version" : "2012-10-17",
               "Statement": [ {
                  "Effect": "Allow",
                  "Principal": {
                     "AWS": [ "arn:aws:iam::148918392284:role/privo-support" ]
                  },
                  "Action": [ "sts:AssumeRole" ]
               } ]
            },
            "Path": "/",
            "RoleName": "privo-support",
            "Policies": [ {
               "PolicyName": "privo-support",
               "PolicyDocument": {
                  "Version" : "2012-10-17",
                  "Statement": [ {
                     "Effect": "Allow",
                     "Action": "*",
                     "Resource": "*"
                  } ]
               }
               } ]
            },
      },
   }
}
