{
    "Version": "2012-10-17",
    "Id": "RestrictAccessForAllUsers",
    "Statement": [
        {
            "Effect": "Deny",
            "Principal": "*",
            "Action": "s3:*",
            "Resource": [
                "arn:aws:s3:::BucketName",
                "arn:aws:s3:::BucketName/*"
            ],
            "Condition": {
                "ForAnyValue:StringNotLike": {
                    "aws:userId": [
                        "AROAJYN34F3AX4VO2UVAE:*",
                        "052327466433"
                    ],
                    "aws:groupName": "AdminGroupName",
                    "aws:userName": "root"
                }
            }
        }
    ]
}
